{
    "initial": {
        "sequence": 1,
        "covariance": [
            0.25,
            0.0,
            0.0,
            0.0,
            0.0,
            0.0,
            0.0,
            0.25,
            0.0,
            0.0,
            0.0,
            0.0,
            0.0,
            0.0,
            0.0,
            0.0,
            0.0,
            0.0,
            0.0,
            0.0,
            0.0,
            0.0,
            0.0,
            0.0,
            0.0,
            0.0,
            0.0,
            0.0,
            0.0,
            0.0,
            0.0,
            0.0,
            0.0,
            0.0,
            0.0,
            0.06853891945200942
        ],
        "w": -0.06984032363979935,
        "y": 61.21309209996054,
        "x": 6.3462862580062955,
        "z": -0.9975581833626989
    },
    "step0": {
        "sequence": 2,
        "w": 0.31157309089849317,
        "y": 61.010499961407476,
        "x": 6.604952121605187,
        "z": 0.950222189294672
    },
    "step1": {
        "sequence": 3,
        "w": -0.06984032363979935,
        "y": 61.13094621547983,
        "x": 8.83263927152827,
        "z": -0.9975581833626989
    },
    "step2": {
        "sequence": 4,
        "w": -0.06984032363979935,
        "y": 70.89379939030381,
        "x": 17.082015539105445,
        "z": -0.9975581833626989
    },
    "step3": {
        "sequence": 5,
        "w": -0.06984032363979935,
        "y": 80.11054788485542,
        "x": 24.911565161082372,
        "z": -0.9975581833626989
    },
    "step4": {
        "sequence": 6,
        "w": -0.06984032363979935,
        "y": 89.71989514005213,
        "x": 33.20784561473697,
        "z": -0.9975581833626989
    },
    "step5": {
        "sequence": 7,
        "w": -0.06984032363979935,
        "y": 89.81383018963976,
        "x": 35.43199583655512,
        "z": -0.9975581833626989
    },
    "ending": {
        "sequence": 8,
        "w": -0.06984032363979935,
        "y": 89.87800904785871,
        "x": 35.48275560472964,
        "z": -0.9975581833626989
    }
}