{
    "initial": {
        "sequence": 1,
        "covariance": [
            0.25,
            0.0,
            0.0,
            0.0,
            0.0,
            0.0,
            0.0,
            0.25,
            0.0,
            0.0,
            0.0,
            0.0,
            0.0,
            0.0,
            0.0,
            0.0,
            0.0,
            0.0,
            0.0,
            0.0,
            0.0,
            0.0,
            0.0,
            0.0,
            0.0,
            0.0,
            0.0,
            0.0,
            0.0,
            0.0,
            0.0,
            0.0,
            0.0,
            0.0,
            0.0,
            0.06853891945200942
        ],
        "w": 0.31157309089849317,
        "y": 1.1366808166951794,
        "x": 2.382746437170221,
        "z": 0.950222189294672
    },
    "step0": {
        "sequence": 2,
        "w": -0.06984032363979935,
        "y": 1.0407241640649099,
        "x": 0.36692909578821137,
        "z": -0.9975581833626989
    },
    "step1": {
        "sequence": 3,
        "w": -0.06984032363979935,
        "y": 0.09806802898811617,
        "x": -0.940808716693637,
        "z": -0.9975581833626989
    },
    "step2": {
        "sequence": 4,
        "w": -0.06984032363979935,
        "y": 2.393439147791823,
        "x": -3.967202164061071,
        "z": -0.9975581833626989
    },
    "step3": {
        "sequence": 5,
        "w": -0.06984032363979935,
        "y": 2.1333525547382997,
        "x": -5.574509340286119,
        "z": -0.9975581833626989
    },
    "step4": {
        "sequence": 6,
        "w": -0.06984032363979935,
        "y": -5.456520914069327,
        "x": -11.564794263067007,
        "z": -0.9975581833626989
    },
    "step5": {
        "sequence": 7,
        "w": -0.06984032363979935,
        "y": -17.61768425488102,
        "x": -21.31569711008494,
        "z": -0.9975581833626989
    },
    "step6": {
        "sequence": 8,
        "w": -0.06984032363979935,
        "y": -5.456520914069327,
        "x": -11.564794263067007,
        "z": -0.9975581833626989
    },
    "step7": {
        "sequence": 9,
        "w": -0.06984032363979935,
        "y": -17.61768425488102,
        "x": -21.31569711008494,
        "z": -0.9975581833626989
    },
    "step8": {
        "sequence": 10,
        "w": -0.06984032363979935,
        "y": -17.439213537484115,
        "x": -23.194157378211937,
        "z": -0.9975581833626989
    },
    "step9": {
        "sequence": 11,
        "w": -0.06984032363979935,
        "y": -6.224583833816086,
        "x": -37.10622367013429,
        "z": -0.9975581833626989
    },
    "step10": {
        "sequence": 12,
        "w": -0.06984032363979935,
        "y": -3.925846252408009,
        "x": -39.98067435607289,
        "z": -0.9975581833626989
    },
    "step11": {
        "sequence": 13,
        "w": -0.06984032363979935,
        "y": 1.1225390825558497,
        "x": -40.71644314728678,
        "z": -0.9975581833626989
    },
    "step12": {
        "sequence": 14,
        "w": -0.06984032363979935,
        "y": 9.99930273401488,
        "x": -33.51039414496606,
        "z": -0.9975581833626989
    },
    "step13": {
        "sequence": 15,
        "w": -0.06984032363979935,
        "y": 23.21513639552972,
        "x": -22.66158647317393,
        "z": -0.9975581833626989
    },
    "step14": {
        "sequence": 16,
        "w": -0.06984032363979935,
        "y": 42.312922903503086,
        "x": -6.736289382180159,
        "z": -0.9975581833626989
    },
    "step15": {
        "sequence": 17,
        "w": -0.06984032363979935,
        "y": 57.41325288789989,
        "x": 5.846255969409784,
        "z": -0.9975581833626989
    },
    "step16": {
        "sequence": 18,
        "w": -0.06984032363979935,
        "y": 61.13094621547983,
        "x": 8.83263927152827,
        "z": -0.9975581833626989
    },
    "step17": {
        "sequence": 19,
        "w": -0.06984032363979935,
        "y": 70.89379939030381,
        "x": 17.082015539105445,
        "z": -0.9975581833626989
    },
    "step18": {
        "sequence": 20,
        "w": -0.06984032363979935,
        "y": 80.11054788485542,
        "x": 24.911565161082372,
        "z": -0.9975581833626989
    },
    "step19": {
        "sequence": 21,
        "w": -0.06984032363979935,
        "y": 89.71989514005213,
        "x": 33.20784561473697,
        "z": -0.9975581833626989
    },
    "step20": {
        "sequence": 22,
        "w": -0.06984032363979935,
        "y": 89.81383018963976,
        "x": 35.43199583655512,
        "z": -0.9975581833626989
    },
    "ending": {
        "sequence": 23,
        "w": -0.06984032363979935,
        "y": 89.87800904785871,
        "x": 35.48275560472964,
        "z": -0.9975581833626989
    }
}