{
    "initial": {
        "sequence": 1,
        "covariance": [
            0.25,
            0.0,
            0.0,
            0.0,
            0.0,
            0.0,
            0.0,
            0.25,
            0.0,
            0.0,
            0.0,
            0.0,
            0.0,
            0.0,
            0.0,
            0.0,
            0.0,
            0.0,
            0.0,
            0.0,
            0.0,
            0.0,
            0.0,
            0.0,
            0.0,
            0.0,
            0.0,
            0.0,
            0.0,
            0.0,
            0.0,
            0.0,
            0.0,
            0.0,
            0.0,
            0.06853891945200942
        ],
        "w": 0.4774502921719207,
        "y": -3.248405117013216,
        "x": -3.988080091198409,
        "z": -0.8786587611268367
    },
    "step0": {
        "sequence": 2,
        "w": 0.4774502921719207,
        "y": -3.248405117013216,
        "x": -3.988080091198409,
        "z": -0.8786587611268367
    },
    "step1": {
        "sequence": 3,
        "w": 0.4949703335575989,
        "y": -5.466052458476881,
        "x": -5.346809750313712,
        "z": -0.8689098738637278
    },
    "ending": {
        "sequence": 4,
        "w": 0.4967182628897839,
        "y": -5.542615060390566,
        "x": -5.391685091827109,
        "z": -0.8679118430530578
    }
}