{
    "initial": {
        "sequence": 1,
        "covariance": [
            0.25,
            0.0,
            0.0,
            0.0,
            0.0,
            0.0,
            0.0,
            0.25,
            0.0,
            0.0,
            0.0,
            0.0,
            0.0,
            0.0,
            0.0,
            0.0,
            0.0,
            0.0,
            0.0,
            0.0,
            0.0,
            0.0,
            0.0,
            0.0,
            0.0,
            0.0,
            0.0,
            0.0,
            0.0,
            0.0,
            0.0,
            0.0,
            0.0,
            0.0,
            0.0,
            0.06853891945200942
        ],
        "w": 0.8833366377553195,
        "y": -43.4728611744,
        "x": -4.2162101203,
        "z": 0.4687391432333421
    },
    "step33": {
        "sequence": 2,
        "w": 0.8833366377553195,
        "y": -43.4728611744,
        "x": -4.2162101203,
        "z": 0.4687391432333421
    },
    "step34": {
        "sequence": 3,
        "w": -0.8788780235726,
        "y": -41.7621565241,
        "x": -3.12053039093,
        "z": -0.477046559238138
    },
    "ending": {
        "sequence": 4,
        "w": 0.8747734829180874,
        "y": -41.6912294462,
        "x": -3.07349794021,
        "z": 0.48453209757802274
    }
}

