{
    "initial": {
        "sequence": 1,
        "covariance": [
            0.25,
            0.0,
            0.0,
            0.0,
            0.0,
            0.0,
            0.0,
            0.25,
            0.0,
            0.0,
            0.0,
            0.0,
            0.0,
            0.0,
            0.0,
            0.0,
            0.0,
            0.0,
            0.0,
            0.0,
            0.0,
            0.0,
            0.0,
            0.0,
            0.0,
            0.0,
            0.0,
            0.0,
            0.0,
            0.0,
            0.0,
            0.0,
            0.0,
            0.0,
            0.0,
            0.06853891945200942
        ],
        "w": 0.8747734829180874,
        "y": -41.6912294462,
        "x": -3.07349794021,
        "z": 0.48453209757802274
    },
    "step36": {
        "sequence": 2,
        "w": 0.8747734829180874,
        "y": -41.6912294462,
        "x": -3.07349794021,
        "z": 0.48453209757802274
    },
    "step37": {
        "sequence": 3,
        "w": 0.8738043465252481,
        "y": -38.502082233,
        "x": -1.00915206915,
        "z": 0.486277661417409
    },
    "ending": {
        "sequence": 4,
        "w": 0.8735630550205944,
        "y": -38.32560221445,
        "x": -0.8933069156,
        "z": 0.48671099114678495
    }
}