{
    "initial": {
        "sequence": 1,
        "covariance": [
            0.25,
            0.0,
            0.0,
            0.0,
            0.0,
            0.0,
            0.0,
            0.25,
            0.0,
            0.0,
            0.0,
            0.0,
            0.0,
            0.0,
            0.0,
            0.0,
            0.0,
            0.0,
            0.0,
            0.0,
            0.0,
            0.0,
            0.0,
            0.0,
            0.0,
            0.0,
            0.0,
            0.0,
            0.0,
            0.0,
            0.0,
            0.0,
            0.0,
            0.0,
            0.0,
            0.06853891945200942
        ],
        "w": 0.8735630550205944,
        "y": -38.32560221445,
        "x": -0.8933069156,
        "z": 0.48671099114678495
    },
    "step39": {
        "sequence": 2,
        "w": 0.8735630550205944,
        "y": -38.32560221445,
        "x": -0.8933069156,
        "z": 0.48671099114678495
    },
    "step40": {
        "sequence": 3,
        "w": 0.8716619233584771,
        "y": -33.8931154192,
        "x": 1.9122199819801,
        "z": 0.49010763243087757
    },
    "ending": {
        "sequence": 4,
        "w": 0.8715226611099673,
        "y": -33.81694235883,
        "x": 1.965070994321,
        "z": 0.490355229575255
    }
}