{
    "initial": {
        "sequence": 1,
        "covariance": [
            0.25,
            0.0,
            0.0,
            0.0,
            0.0,
            0.0,
            0.0,
            0.25,
            0.0,
            0.0,
            0.0,
            0.0,
            0.0,
            0.0,
            0.0,
            0.0,
            0.0,
            0.0,
            0.0,
            0.0,
            0.0,
            0.0,
            0.0,
            0.0,
            0.0,
            0.0,
            0.0,
            0.0,
            0.0,
            0.0,
            0.0,
            0.0,
            0.0,
            0.0,
            0.0,
            0.06853891945200942
        ],
        "w": 0.8715226611099673,
        "y": -33.81694235883,
        "x": 1.965070994321,
        "z": 0.490355229575255
    },
    "step42": {
        "sequence": 2,
        "w": 0.8715226611099673,
        "y": -33.81694235883,
        "x": 1.965070994321,
        "z": 0.490355229575255
    },
    "step43": {
        "sequence": 3,
        "w": 0.8766192884390064,
        "y": -29.585997177207435,
        "x": 4.238703799149505,
        "z": 0.4811846040104464
    },
    "ending": {
        "sequence": 4,
        "w": 0.8800816617734442,
        "y": -29.46271176413319,
        "x": 4.317062001737735,
        "z": 0.4748223547918663
    }
}