{
    "initial": {
        "sequence": 1,
        "covariance": [
            0.25,
            0.0,
            0.0,
            0.0,
            0.0,
            0.0,
            0.0,
            0.25,
            0.0,
            0.0,
            0.0,
            0.0,
            0.0,
            0.0,
            0.0,
            0.0,
            0.0,
            0.0,
            0.0,
            0.0,
            0.0,
            0.0,
            0.0,
            0.0,
            0.0,
            0.0,
            0.0,
            0.0,
            0.0,
            0.0,
            0.0,
            0.0,
            0.0,
            0.0,
            0.0,
            0.06853891945200942
        ],
        "w": 0.8800816617734442,
        "y": -29.46271176413319,
        "x": 4.317062001737735,
        "z": 0.4748223547918663
    },
    "step45": {
        "sequence": 2,
        "w": 0.8800816617734442,
        "y": -29.46271176413319,
        "x": 4.317062001737735,
        "z": 0.4748223547918663
    },
    "step46": {
        "sequence": 3,
        "w": 0.8691680631553074,
        "y": -25.441661933565896,
        "x": 6.916829884668729,
        "z": 0.49451681264730724
    },
    "ending": {
        "sequence": 4,
        "w": 0.8697048226844509,
        "y": -25.346171099793683,
        "x": 6.971097516747211,
        "z": 0.4935722048489031
    }
}