{
    "initial": {
        "sequence": 1,
        "covariance": [
            0.25,
            0.0,
            0.0,
            0.0,
            0.0,
            0.0,
            0.0,
            0.25,
            0.0,
            0.0,
            0.0,
            0.0,
            0.0,
            0.0,
            0.0,
            0.0,
            0.0,
            0.0,
            0.0,
            0.0,
            0.0,
            0.0,
            0.0,
            0.0,
            0.0,
            0.0,
            0.0,
            0.0,
            0.0,
            0.0,
            0.0,
            0.0,
            0.0,
            0.0,
            0.0,
            0.06853891945200942
        ],
        "w": 0.8697048226844509,
        "y": -25.346171099793683,
        "x": 6.971097516747211,
        "z": 0.4935722048489031
    },
    "step48": {
        "sequence": 2,
        "w": 0.8697048226844509,
        "y": -25.346171099793683,
        "x": 6.971097516747211,
        "z": 0.4935722048489031
    },
    "step49": {
        "sequence": 3,
        "w": 0.8744389371195027,
        "y": -21.170811449904,
        "x": 9.316959975684933,
        "z": 0.4851355947045262
    },
    "ending": {
        "sequence": 4,
        "w": 0.8775804186728619,
        "y": -21.045469766824347,
        "x": 9.397803525646754,
        "z": 0.4794294617166999
    }
}