{
    "initial": {
        "sequence": 1,
        "covariance": [
            0.25,
            0.0,
            0.0,
            0.0,
            0.0,
            0.0,
            0.0,
            0.25,
            0.0,
            0.0,
            0.0,
            0.0,
            0.0,
            0.0,
            0.0,
            0.0,
            0.0,
            0.0,
            0.0,
            0.0,
            0.0,
            0.0,
            0.0,
            0.0,
            0.0,
            0.0,
            0.0,
            0.0,
            0.0,
            0.0,
            0.0,
            0.0,
            0.0,
            0.0,
            0.0,
            0.06853891945200942
        ],
        "w": 0.8775804186728619,
        "y": -21.045469766824347,
        "x": 9.397803525646754,
        "z": 0.4794294617166999
    },
    "step51": {
        "sequence": 2,
        "w": 0.8775804186728619,
        "y": -21.045469766824347,
        "x": 9.397803525646754,
        "z": 0.4794294617166999
    },
    "step52": {
        "sequence": 3,
        "w": 0.8779387541079653,
        "y": -16.77395966751798,
        "x": 12.165960164255736,
        "z": 0.4787729566666791
    },
    "ending": {
        "sequence": 4,
        "w": 0.8777840885895749,
        "y": -16.608120827882974,
        "x": 12.272907951818922,
        "z": 0.4790564620365425
    }
}