{
    "initial": {
        "sequence": 1,
        "covariance": [
            0.25,
            0.0,
            0.0,
            0.0,
            0.0,
            0.0,
            0.0,
            0.25,
            0.0,
            0.0,
            0.0,
            0.0,
            0.0,
            0.0,
            0.0,
            0.0,
            0.0,
            0.0,
            0.0,
            0.0,
            0.0,
            0.0,
            0.0,
            0.0,
            0.0,
            0.0,
            0.0,
            0.0,
            0.0,
            0.0,
            0.0,
            0.0,
            0.0,
            0.0,
            0.0,
            0.06853891945200942
        ],
        "w": 0.8795746445781728,
        "y": -16.609159222120223,
        "x": 12.272234452987878,
        "z": 0.47576091118878283
    },
    "step54": {
        "sequence": 2,
        "w": 0.8795746445781728,
        "y": -16.609159222120223,
        "x": 12.272234452987878,
        "z": 0.47576091118878283
    },
    "step55": {
        "sequence": 3,
        "w": 0.8749336138214755,
        "y": -14.494719438933684,
        "x": 13.493593030664382,
        "z": 0.48424288472345484
    },
    "ending": {
        "sequence": 4,
        "w": 0.876791097866725,
        "y": -14.370160162897077,
        "x": 13.572071698147074,
        "z": 0.48087147004336084
    }
}