{
    "initial": {
        "sequence": 1,
        "covariance": [
            0.25,
            0.0,
            0.0,
            0.0,
            0.0,
            0.0,
            0.0,
            0.25,
            0.0,
            0.0,
            0.0,
            0.0,
            0.0,
            0.0,
            0.0,
            0.0,
            0.0,
            0.0,
            0.0,
            0.0,
            0.0,
            0.0,
            0.0,
            0.0,
            0.0,
            0.0,
            0.0,
            0.0,
            0.0,
            0.0,
            0.0,
            0.0,
            0.0,
            0.0,
            0.0,
            0.06853891945200942
        ],
        "w": 0.876791097866725,
        "y": -14.370160162897077,
        "x": 13.572071698147074,
        "z": 0.48087147004336084
    },
    "step57": {
        "sequence": 2,
        "w": 0.876791097866725,
        "y": -14.370160162897077,
        "x": 13.572071698147074,
        "z": 0.48087147004336084
    },
    "step58": {
        "sequence": 3,
        "w": 0.8763001282535111,
        "y": -12.902512029791414,
        "x": 14.503604667310878,
        "z": 0.48176559157216703
    },
    "step59": {
        "sequence": 4,
        "w": 0.3493615772034796,
        "y": -11.097308126006237,
        "x": 13.67982209602664,
        "z": 0.9369879873156843
    },
    "step60": {
        "sequence": 5,
        "w": 0.28699216259865956,
        "y": -9.635760222077508,
        "x": 11.416071938966237,
        "z": 0.9579329301192984
    },
    "ending": {
        "sequence": 6,
        "w": 0.2963348176508793,
        "y": -9.427904416023274,
        "x": 11.107663291842009,
        "z": 0.9550841197757506
    }
}