{
    "initial": {
        "sequence": 1,
        "covariance": [
            0.25,
            0.0,
            0.0,
            0.0,
            0.0,
            0.0,
            0.0,
            0.25,
            0.0,
            0.0,
            0.0,
            0.0,
            0.0,
            0.0,
            0.0,
            0.0,
            0.0,
            0.0,
            0.0,
            0.0,
            0.0,
            0.0,
            0.0,
            0.0,
            0.0,
            0.0,
            0.0,
            0.0,
            0.0,
            0.0,
            0.0,
            0.0,
            0.0,
            0.0,
            0.0,
            0.06853891945200942
        ],
        "w": 0.2963348176508793,
        "y": -9.427904416023274,
        "x": 11.107663291842009,
        "z": 0.9550841197757506
    },
    "step62": {
        "sequence": 2,
        "w": 0.2963348176508793,
        "y": -9.427904416023274,
        "x": 11.107663291842009,
        "z": 0.9550841197757506
    },
    "step63": {
        "sequence": 3,
        "w": 0.2801929852744959,
        "y": -6.4425745448076945,
        "x": 6.3392718328839806,
        "z": 0.9599436915793375
    },
    "step64": {
        "sequence": 4,
        "w": 0.2514169426952986,
        "y": -1.709932945211289,
        "x": -1.5266008334276737,
        "z": 0.9678788771978388
    },
    "step65": {
        "sequence": 5,
        "w": -0.09299810447364038,
        "y": -1.6495542680507036,
        "x": -2.688057932907531,
        "z": 0.995666285742522
    },
    "step66": {
        "sequence": 6,
        "w": -0.47008105721177507,
        "y": -2.512758396910492,
        "x": -3.511079655939108,
        "z": 0.8826232489860325
    },
    "ending": {
        "sequence": 7,
        "w": -0.4647439103120161,
        "y": -2.736445299880451,
        "x": -3.6626097888915687,
        "z": 0.88544514106064
    }
}