{
    "initial": {
        "sequence": 1,
        "covariance": [
            0.25,
            0.0,
            0.0,
            0.0,
            0.0,
            0.0,
            0.0,
            0.25,
            0.0,
            0.0,
            0.0,
            0.0,
            0.0,
            0.0,
            0.0,
            0.0,
            0.0,
            0.0,
            0.0,
            0.0,
            0.0,
            0.0,
            0.0,
            0.0,
            0.0,
            0.0,
            0.0,
            0.0,
            0.0,
            0.0,
            0.0,
            0.0,
            0.0,
            0.0,
            0.0,
            0.06853891945200942
        ],
        "w": 0.4675391567609179,
        "y": -5.3610438588043365,
        "x": -5.2033202172636095,
        "z": -0.8839723620652908
    },
    "step3": {
        "sequence": 2,
        "w": 0.4675391567609179,
        "y": -5.3610438588043365,
        "x": -5.2033202172636095,
        "z": -0.8839723620652908
    },
    "step4": {
        "sequence": 3,
        "w": 0.46969788438323645,
        "y": -9.18238985394676,
        "x": -7.665700080705596,
        "z": -0.8828272183195938
    },
    "ending": {
        "sequence": 4,
        "w": 0.4751307808028834,
        "y": -9.334688673185008,
        "x": -7.766124700446159,
        "z": -0.8799151897391262
    }
}