{
    "initial": {
        "sequence": 1,
        "covariance": [
            0.25,
            0.0,
            0.0,
            0.0,
            0.0,
            0.0,
            0.0,
            0.25,
            0.0,
            0.0,
            0.0,
            0.0,
            0.0,
            0.0,
            0.0,
            0.0,
            0.0,
            0.0,
            0.0,
            0.0,
            0.0,
            0.0,
            0.0,
            0.0,
            0.0,
            0.0,
            0.0,
            0.0,
            0.0,
            0.0,
            0.0,
            0.0,
            0.0,
            0.0,
            0.0,
            0.06853891945200942
        ],
        "w": 0.4751307808028834,
        "y": -9.334688673185008,
        "x": -7.766124700446159,
        "z": -0.8799151897391262
    },
    "step6": {
        "sequence": 2,
        "w": 0.4751307808028834,
        "y": -9.334688673185008,
        "x": -7.766124700446159,
        "z": -0.8799151897391262
    },
    "step7": {
        "sequence": 3,
        "w": 0.49304399884694927,
        "y": -13.821441526357477,
        "x": -10.476620975053647,
        "z": -0.8700043765412961
    },
    "ending": {
        "sequence": 4,
        "w": 0.4941644717690672,
        "y": -13.946747249852352,
        "x": -10.551090253087551,
        "z": -0.869368434463317
    }
}