{
    "initial": {
        "sequence": 1,
        "covariance": [
            0.25,
            0.0,
            0.0,
            0.0,
            0.0,
            0.0,
            0.0,
            0.25,
            0.0,
            0.0,
            0.0,
            0.0,
            0.0,
            0.0,
            0.0,
            0.0,
            0.0,
            0.0,
            0.0,
            0.0,
            0.0,
            0.0,
            0.0,
            0.0,
            0.0,
            0.0,
            0.0,
            0.0,
            0.0,
            0.0,
            0.0,
            0.0,
            0.0,
            0.0,
            0.0,
            0.06853891945200942
        ],
        "w": 0.49742161417926867,
        "y": -13.947813063093342,
        "x": -10.551719463229482,
        "z": -0.8675089266095715
    },
    "step9": {
        "sequence": 2,
        "w": 0.49742161417926867,
        "y": -13.947813063093342,
        "x": -10.551719463229482,
        "z": -0.8675089266095715
    },
    "step10": {
        "sequence": 3,
        "w": 0.49432784638461946,
        "y": -18.103087067782955,
        "x": -13.043828163762551,
        "z": -0.8692755491147464
    },
    "ending": {
        "sequence": 4,
        "w": 0.4926707475941856,
        "y": -18.233854721995364,
        "x": -13.124240149881592,
        "z": -0.8702157976415884
    }
}