{
    "initial": {
        "sequence": 1,
        "covariance": [
            0.25,
            0.0,
            0.0,
            0.0,
            0.0,
            0.0,
            0.0,
            0.25,
            0.0,
            0.0,
            0.0,
            0.0,
            0.0,
            0.0,
            0.0,
            0.0,
            0.0,
            0.0,
            0.0,
            0.0,
            0.0,
            0.0,
            0.0,
            0.0,
            0.0,
            0.0,
            0.0,
            0.0,
            0.0,
            0.0,
            0.0,
            0.0,
            0.0,
            0.0,
            0.0,
            0.06853891945200942
        ],
        "w": 0.4926707475941856,
        "y": -18.233854721995364,
        "x": -13.124240149881592,
        "z": -0.8702157976415884
    },
    "step12": {
        "sequence": 2,
        "w": 0.4926707475941856,
        "y": -18.233854721995364,
        "x": -13.124240149881592,
        "z": -0.8702157976415884
    },
    "step13": {
        "sequence": 3,
        "w": 0.4861932115621806,
        "y": -20.792515863479686,
        "x": -14.671858360203034,
        "z": -0.8738513380609156
    },
    "step1": {
        "sequence": 4,
        "w": 0.812920422569895,
        "y": -21.799587471461,
        "x": -15.237849163,
        "z": -0.808238068
    },
    "step14": {
        "sequence": 5,
        "w": 0.8129204225698957,
        "y": -22.74170383210638,
        "x": -15.20615856857345,
        "z": -0.5823747818791456
    },
    "step15": {
        "sequence": 6,
        "w": 0.9613857004871331,
        "y": -24.0421146840343,
        "x": -14.005147838914063,
        "z": -0.2752045328457808
    },
    "ending": {
        "sequence": 7,
        "w": 0.9608422788815761,
        "y": -24.101877937948828,
        "x": -13.910795529072125,
        "z": -0.27709585906985246
    }
}