{
    "initial": {
        "sequence": 1,
        "covariance": [
            0.25,
            0.0,
            0.0,
            0.0,
            0.0,
            0.0,
            0.0,
            0.25,
            0.0,
            0.0,
            0.0,
            0.0,
            0.0,
            0.0,
            0.0,
            0.0,
            0.0,
            0.0,
            0.0,
            0.0,
            0.0,
            0.0,
            0.0,
            0.0,
            0.0,
            0.0,
            0.0,
            0.0,
            0.0,
            0.0,
            0.0,
            0.0,
            0.0,
            0.0,
            0.0,
            0.06853891945200942
        ],
        "w": 0.9608422788815761,
        "y": -24.101877937948828,
        "x": -13.910795529072125,
        "z": -0.27709585906985246
    },
    "step17": {
        "sequence": 2,
        "w": 0.9608422788815761,
        "y": -24.101877937948828,
        "x": -13.910795529072125,
        "z": -0.27709585906985246
    },
    "step18": {
        "sequence": 3,
        "w": 0.9606392298121608,
        "y": -26.665177725446828,
        "x": -9.764520058433064,
        "z": -0.27779897434277634
    },
    "ending": {
        "sequence": 4,
        "w": 0.9610351100164752,
        "y": -26.719809309605793,
        "x": -9.67745636528588,
        "z": -0.27642633252933996
    }
}