{
    "initial": {
        "sequence": 1,
        "covariance": [
            0.25,
            0.0,
            0.0,
            0.0,
            0.0,
            0.0,
            0.0,
            0.25,
            0.0,
            0.0,
            0.0,
            0.0,
            0.0,
            0.0,
            0.0,
            0.0,
            0.0,
            0.0,
            0.0,
            0.0,
            0.0,
            0.0,
            0.0,
            0.0,
            0.0,
            0.0,
            0.0,
            0.0,
            0.0,
            0.0,
            0.0,
            0.0,
            0.0,
            0.0,
            0.0,
            0.06853891945200942
        ],
        "w": 0.9610351100164752,
        "y": -26.719809309605793,
        "x": -9.67745636528588,
        "z": -0.27642633252933996
    },
    "step20": {
        "sequence": 2,
        "w": 0.9610351100164752,
        "y": -26.719809309605793,
        "x": -9.67745636528588,
        "z": -0.27642633252933996
    },
    "step21": {
        "sequence": 3,
        "w": 0.9532075050821278,
        "y": -31.667991733217782,
        "x": -1.6658587953708803,
        "z": -0.3023168077615028
    },
    "step2": {
        "sequence": 4,
        "w": 0.814004598467784,
        "y": -32.70167319,
        "x": -0.56829647263,
        "z": -0.5808584282536509
    },
    "step22": {
        "sequence": 5,
        "w": 0.814004598467784,
        "y": -33.650665283203125,
        "x": -0.1858729124069214,
        "z": -0.5808584282536509
    },
    "step23": {
        "sequence": 6,
        "w": 0.5335223425906808,
        "y": -34.8320198059082,
        "x": -0.299724280834198,
        "z": -0.8457859717189404
    },
    "step24": {
        "sequence": 7,
        "w": 0.48351730567472234,
        "y": -37.523216241,
        "x": -1.71859605877,
        "z": -0.8753348017262065
    },
    "ending": {
        "sequence": 8,
        "w": 0.48350027791336236,
        "y": -37.686072488,
        "x": -1.820949890808,
        "z": -0.8753442073023054
    }
}