{
    "initial": {
        "sequence": 1,
        "covariance": [
            0.25,
            0.0,
            0.0,
            0.0,
            0.0,
            0.0,
            0.0,
            0.25,
            0.0,
            0.0,
            0.0,
            0.0,
            0.0,
            0.0,
            0.0,
            0.0,
            0.0,
            0.0,
            0.0,
            0.0,
            0.0,
            0.0,
            0.0,
            0.0,
            0.0,
            0.0,
            0.0,
            0.0,
            0.0,
            0.0,
            0.0,
            0.0,
            0.0,
            0.0,
            0.0,
            0.06853891945200942
        ],
        "w": 0.48350027791336236,
        "y": -37.686072488,
        "x": -1.820949890808,
        "z": -0.8753442073023054
    },
    "step26": {
        "sequence": 2,
        "w": 0.48350027791336236,
        "y": -37.686072488,
        "x": -1.820949890808,
        "z": -0.8753442073023054
    },
    "step27": {
        "sequence": 3,
        "w": 0.48683272644840914,
        "y": -41.039041067819,
        "x": -3.95946106717,
        "z": -0.8734952183376898
    },
    "ending": {
        "sequence": 4,
        "w": 0.48524483326120726,
        "y": -41.15749449,
        "x": -4.0329218092,
        "z": -0.8743783230348882
    }
}