{
    "initial": {
        "sequence": 1,
        "covariance": [
            0.25,
            0.0,
            0.0,
            0.0,
            0.0,
            0.0,
            0.0,
            0.25,
            0.0,
            0.0,
            0.0,
            0.0,
            0.0,
            0.0,
            0.0,
            0.0,
            0.0,
            0.0,
            0.0,
            0.0,
            0.0,
            0.0,
            0.0,
            0.0,
            0.0,
            0.0,
            0.0,
            0.0,
            0.0,
            0.0,
            0.0,
            0.0,
            0.0,
            0.0,
            0.0,
            0.06853891945200942
        ],
        "w": 0.48196201241476594,
        "y": -41.15749449,
        "x": -4.0329218092,
        "z": -0.8761921128320598
    },
    "step29": {
        "sequence": 2,
        "w": 0.48196201241476594,
        "y": -41.15749449,
        "x": -4.0329218092,
        "z": -0.8761921128320598
    },
    "step30": {
        "sequence": 3,
        "w": 0.48137585807319416,
        "y": -43.38462487838,
        "x": -5.405137331,
        "z": -0.8765142801257125
    },
    "step31": {
        "sequence": 4,
        "w": 0.6525392519824988,
        "y": -44.30690460746,
        "x": -5.5699055916,
        "z": -0.7577549238521126
    },
    "step32": {
        "sequence": 5,
        "w": 0.8850571476855512,
        "y": -43.6090918674,
        "x": -4.30318987934,
        "z": 0.46548237918391333
    },
    "ending": {
        "sequence": 6,
        "w": 0.8833366377553195,
        "y": -43.4728611744,
        "x": -4.2162101203,
        "z": 0.4687391432333421
    }
}