{
    "initial": {
        "sequence": 1,
        "covariance": [
            0.25,
            0.0,
            0.0,
            0.0,
            0.0,
            0.0,
            0.0,
            0.25,
            0.0,
            0.0,
            0.0,
            0.0,
            0.0,
            0.0,
            0.0,
            0.0,
            0.0,
            0.0,
            0.0,
            0.0,
            0.0,
            0.0,
            0.0,
            0.0,
            0.0,
            0.0,
            0.0,
            0.0,
            0.0,
            0.0,
            0.0,
            0.0,
            0.0,
            0.0,
            0.0,
            0.06853891945200942
        ],
        "w": 0.9876307580595114,
        "y": 4.498859754922614,
        "x": -2.195765435995242,
        "z": -0.15679759479913877
    },
    "step0": {
        "sequence": 2,
        "w": 0.9940615277227557,
        "y": 1.7307679653167725,
        "x": 6.642815113067627,
        "z": -0.10881947942120006
    },
    "step1": {
        "sequence": 3,
        "w": 0.7920307809593562,
        "y": 1.3515340089797974,
        "x": 10.957655906677246,
        "z": 0.610481156148912
    },
    "step2": {
        "sequence": 4,
        "w": 0.7920307809593562,
        "y": 2.786892890930176,
        "x": 12.901457786560059,
        "z": 0.610481156148912
    },
    "step3": {
        "sequence": 5,
        "w": 0.7920307809593562,
        "y": 8.585397720336914,
        "x": 14.739405632019043,
        "z": 0.610481156148912
    },
    "step4": {
        "sequence": 6,
        "w": 0.2054970302372302,
        "y": 6.293825149536133,
        "x": 12.231992721557617,
        "z": 0.9786577392345492
    },
    "step5": {
        "sequence": 7,
        "w": 0.013492842435752547,
        "y": 6.132275104522705,
        "x": 11.419916152954102,
        "z": -0.9999089674580401
    },
    "ending": {
        "sequence": 8,
        "w": 0.722860418545064,
        "y": 5.650290012359619,
        "x": 11.451431274414062,
        "z": -0.6909940776163388
    }
}