{
    "initial": {
        "sequence": 1,
        "covariance": [
            0.25,
            0.0,
            0.0,
            0.0,
            0.0,
            0.0,
            0.0,
            0.25,
            0.0,
            0.0,
            0.0,
            0.0,
            0.0,
            0.0,
            0.0,
            0.0,
            0.0,
            0.0,
            0.0,
            0.0,
            0.0,
            0.0,
            0.0,
            0.0,
            0.0,
            0.0,
            0.0,
            0.0,
            0.0,
            0.0,
            0.0,
            0.0,
            0.0,
            0.0,
            0.0,
            0.06853891945200942
        ],
        "w": 0.982758506906439,
        "y": 3.5465049743652344,
        "x": 0.7967730164527893,
        "z": -0.18489379952563811
    },
    "step0": {
        "sequence": 2,
        "w": 0.0,
        "y": 3.5465049743652344,
        "x": 0.7967730164527893,
        "z": 0.0
    },
    "step1": {
        "sequence": 3,
        "w": 0.0,
        "y": 6.169095993041992,
        "x": -17.438899993896484,
        "z": 0.0
    },
    "step2": {
        "sequence": 4,
        "w": 0.0,
        "y": 25.75387191772461,
        "x": -11.510077476501465,
        "z": 0.0
    },
    "step3": {
        "sequence": 5,
        "w": 0.0,
        "y": 7.752223014831543,
        "x": 14.414637565612793,
        "z": 0.0
    },
    "step4": {
        "sequence": 6,
        "w": 0.0,
        "y": 1.9607559442520142,
        "x": 5.738391876220703,
        "z": 0.0
    },
    "step5": {
        "sequence": 7,
        "w": 0.0,
        "y": -0.05103499814867973,
        "x": 11.995233535766602,
        "z": 0.0
    },
    "step6": {
        "sequence": 8,
        "w": 0.0,
        "y": 12.309366226196289,
        "x": 15.813143730163574,
        "z": 0.0
    },
    "step7": {
        "sequence": 9,
        "w": 0.0,
        "y": 30.347911834716797,
        "x": 16.74093246459961,
        "z": 0.0
    },
    "ending": {
        "sequence": 10,
        "w": 0.0,
        "y": 34.8467903137207,
        "x": 2.06087589263916,
        "z": 0.0
    }
}