{
    "initial": {
        "sequence": 1,
        "covariance": [
            0.25,
            0.0,
            0.0,
            0.0,
            0.0,
            0.0,
            0.0,
            0.25,
            0.0,
            0.0,
            0.0,
            0.0,
            0.0,
            0.0,
            0.0,
            0.0,
            0.0,
            0.0,
            0.0,
            0.0,
            0.0,
            0.0,
            0.0,
            0.0,
            0.0,
            0.0,
            0.0,
            0.0,
            0.0,
            0.0,
            0.0,
            0.0,
            0.0,
            0.0,
            0.0,
            0.06853891945200942
        ],
        "w": 0.08523514151129094,
        "y": 5.646223545074463,
        "x": -29.67407989501953,
        "z": 0.9963608636691579
    },
    "step0": {
        "sequence": 2,
        "w": 0.08841728849543481,
        "y": 0.6929677128791809,
        "x": -5.71579647064209,
        "z": 0.9960835221481756
    },
    "step1": {
        "sequence": 3,
        "w": 0.08489021428467898,
        "y": 3.180751085281372,
        "x": -20.58684730529785,
        "z": 0.9963903108314037
    },
    "step2": {
        "sequence": 4,
        "w": 0.08523514151129094,
        "y": 5.646223545074463,
        "x": -29.67407989501953,
        "z": 0.9963608636691579
    },
    "step3": {
        "sequence": 5,
        "w": 0.07174876985989555,
        "y": 6.677509784698486,
        "x": -37.3876838684082,
        "z": 0.9974227358665891
    },
    "step4": {
        "sequence": 6,
        "w": 0.6424345914793169,
        "y": 8.999198913574219,
        "x": -51.070980072021484,
        "z": -0.7663405220075493
    },
    "step5": {
        "sequence": 7,
        "w": 0.6392373254762667,
        "y": 8.738795280456543,
        "x": -50.26993942260742,
        "z": -0.7690095199137326
    },
    "ending": {
        "sequence": 8,
        "w": 0.08355169577054782,
        "y": 12.913869857788086,
        "x": -53.06461715698242,
        "z": 0.9965034441154058
    }
}