{
    "initial": {
        "sequence": 1,
        "covariance": [
            0.25,
            0.0,
            0.0,
            0.0,
            0.0,
            0.0,
            0.0,
            0.25,
            0.0,
            0.0,
            0.0,
            0.0,
            0.0,
            0.0,
            0.0,
            0.0,
            0.0,
            0.0,
            0.0,
            0.0,
            0.0,
            0.0,
            0.0,
            0.0,
            0.0,
            0.0,
            0.0,
            0.0,
            0.0,
            0.0,
            0.0,
            0.0,
            0.0,
            0.0,
            0.0,
            0.06853891945200942
        ],
        "w": 0.04664947083610946,
        "y": 5.822581,
        "x": -30.389490,
        "z": 0.9989113208241815
    },
    "step0": {
        "sequence": 2,
        "w": 0.09550545884261522,
        "y": 0.077528,
        "x": -5.773063,
        "z": 0.9954289062164418
    },
    "step1": {
        "sequence": 3,
        "w": 0.033369669593328356,
        "y": 3.180751085281372,
        "x": -20.58684730529785,
        "z": 0.9994430774942774
    },
    "step2": {
        "sequence": 4,
        "w": 0.04664947083610946,
        "y": 5.822581,
        "x": -30.389490,
        "z": 0.9989113208241815
    },
    "step3": {
        "sequence": 5,
        "w": 0.04664947083610946,
        "y": 6.677509784698486,
        "x": -37.3876838684082,
        "z": 0.9989113208241815
    },
    "step4": {
        "sequence": 6,
        "w": 0.04664947083610946,
        "y": 9.166287,
        "x": -50.542782,
        "z": 0.9989113208241815
    },
    "step5": {
        "sequence": 7,
        "w": 0.6392373254762667,
        "y": 9.559557789182895,
        "x": -50.958981156065185,
        "z": -0.7690095199137326
    },
    "ending": {
        "sequence": 8,
        "w": 0.04664947083610946,
        "y": 12.755679,
        "x": -53.054993,
        "z": 0.9989113208241815
    }
}