{
    "initial": {
        "sequence": 1,
        "covariance": [
            0.25,
            0.0,
            0.0,
            0.0,
            0.0,
            0.0,
            0.0,
            0.25,
            0.0,
            0.0,
            0.0,
            0.0,
            0.0,
            0.0,
            0.0,
            0.0,
            0.0,
            0.0,
            0.0,
            0.0,
            0.0,
            0.0,
            0.0,
            0.0,
            0.0,
            0.0,
            0.0,
            0.0,
            0.0,
            0.0,
            0.0,
            0.0,
            0.0,
            0.0,
            0.0,
            0.06853891945200942
        ],
        "w": 0.6599545649924635,
        "y": 9.197647821983923,
        "x": -31.619240729244108,
        "z": -0.7513055118562676
    },
    "step0": {
        "sequence": 2,
        "w": 0.09550545884261522,
        "y": -0.321495,
        "x": -5.807969,
        "z": 0.9954289062164418
    },
    "step1": {
        "sequence": 3,
        "w": 0.7491292227724274,
        "y": 2.3918890953063965,
        "x": -21.274242401123047,
        "z": 0.662423888147445
    },
    "step2": {
        "sequence": 4,
        "w": 0.06569727556410002,
        "y": 5.403927431937724,
        "x": -31.000379732246913,
        "z": 0.9978396003283567
    },
    "step3": {
        "sequence": 5,
        "w": 0.04664947083610946,
        "y": 6.211833,
        "x": -36.844376,
        "z": 0.9989113208241815
    },
    "step4": {
        "sequence": 6,
        "w": 0.04664947083610946,
        "y": 9.166287,
        "x": -50.542782,
        "z": 0.9989113208241815
    },
    "step5": {
        "sequence": 7,
        "w": 0.6392373254762667,
        "y": 9.559557789182895,
        "x": -50.958981156065185,
        "z": -0.7690095199137326
    },
    "ending": {
        "sequence": 8,
        "w": 0.04664947083610946,
        "y": 12.755679,
        "x": -53.054993,
        "z": 0.9989113208241815
    }
}