{
    "initial": {
        "sequence": 1,
        "covariance": [
            0.25,
            0.0,
            0.0,
            0.0,
            0.0,
            0.0,
            0.0,
            0.25,
            0.0,
            0.0,
            0.0,
            0.0,
            0.0,
            0.0,
            0.0,
            0.0,
            0.0,
            0.0,
            0.0,
            0.0,
            0.0,
            0.0,
            0.0,
            0.0,
            0.0,
            0.0,
            0.0,
            0.0,
            0.0,
            0.0,
            0.0,
            0.0,
            0.0,
            0.0,
            0.0,
            0.06853891945200942
        ],
        "w": 0.804448,
        "y": 3.26595,
        "x": 0.591645,
        "z": 0.594023
    },
    "step0": {
        "sequence": 2,
        "w": 0.804448,
        "y": 2.6233,
        "x": 0.474784,
        "z": 0.594023
    },
    "step1": {
        "sequence": 3,
        "w": -0.08322692935237277,
        "y": 3.52874,
        "x": 0.825161,
        "z": -0.996530620819338
    },
    "step2": {
        "sequence": 4,
        "w": -0.06984032363979935,
        "y": 2.16821,
        "x": 5.80852    ,
        "z": -0.9975581833626989
    },
    "step3": {
        "sequence": 5,
        "w": -0.06984032363979935,
        "y": 0.419545,
        "x": 11.917,
        "z": -0.9975581833626989
    },
    "ending": {
        "sequence": 6,
        "w": -0.06984032363979935,
        "y": 0.419545,
        "x": 11.917,
        "z": -0.9975581833626989
    }
}