{
    "initial": {
        "sequence": 1,
        "covariance": [
            0.25,
            0.0,
            0.0,
            0.0,
            0.0,
            0.0,
            0.0,
            0.25,
            0.0,
            0.0,
            0.0,
            0.0,
            0.0,
            0.0,
            0.0,
            0.0,
            0.0,
            0.0,
            0.0,
            0.0,
            0.0,
            0.0,
            0.0,
            0.0,
            0.0,
            0.0,
            0.0,
            0.0,
            0.0,
            0.0,
            0.0,
            0.0,
            0.0,
            0.0,
            0.0,
            0.06853891945200942
        ],
        "w": -0.06984032363979935,
        "y": 0.419545,
        "x": 11.917,
        "z": -0.9975581833626989
    },
    "step0": {
        "sequence": 2,
        "w": -0.06984032363979935,
        "y": 2.71478,
        "x": 3.35669,
        "z": -0.9975581833626989
    },
    "step1": {
        "sequence": 3,
        "w": -0.08322692935237277,
        "y": 6.48134,
        "x": -8.62748,
        "z": -0.996530620819338
    },
    "step2": {
        "sequence": 4,
        "w": -0.06984032363979935,
        "y": 8.8672,
        "x": -16.3823,
        "z": -0.9975581833626989
    },
    "ending": {
        "sequence": 5,
        "w": -0.06984032363979935,
        "y": 8.8672,
        "x": -16.3823,
        "z": -0.9975581833626989
    }
}