{
    "initial": {
        "sequence": 1,
        "covariance": [
            0.25,
            0.0,
            0.0,
            0.0,
            0.0,
            0.0,
            0.0,
            0.25,
            0.0,
            0.0,
            0.0,
            0.0,
            0.0,
            0.0,
            0.0,
            0.0,
            0.0,
            0.0,
            0.0,
            0.0,
            0.0,
            0.0,
            0.0,
            0.0,
            0.0,
            0.0,
            0.0,
            0.0,
            0.0,
            0.0,
            0.0,
            0.0,
            0.0,
            0.0,
            0.0,
            0.06853891945200942
        ],
        "w": -0.06984032363979935,
        "y": 8.8672,
        "x": -16.6331,
        "z": -0.9975581833626989
    },
    "step0": {
        "sequence": 2,
        "w": -0.06984032363979935,
        "y": 8.2243,
        "x": -14.2293,
        "z": -0.9975581833626989
    },
    "step1": {
        "sequence": 3,
        "w": -0.08322692935237277,
        "y": 6.77334,
        "x": -10.0444,
        "z": -0.996530620819338
    },
    "step2": {
        "sequence": 4,
        "w": -0.06984032363979935,
        "y": 3.30551,
        "x": 0.703534,
        "z": -0.9975581833626989
    },
    "step3": {
        "sequence": 5,
        "w": -0.06984032363979935,
        "y": 2.61782,
        "x": 4.17645,
        "z": -0.9975581833626989
    },
    "step4": {
        "sequence":6,
        "w": -0.06984032363979935,
        "y": 1.49164,
        "x": 8.27521,
        "z": -0.9975581833626989
    },
    "step5": {
        "sequence": 7,
        "w": -0.06984032363979935,
        "y": 0.840674,
        "x": 11.5933,
        "z": -0.9975581833626989
    },
    "step6": {
        "sequence": 8,
        "w": -0.06984032363979935,
        "y": 2.96033,
        "x": 12.4825,
        "z": -0.9975581833626989
    },
    "step7": {
        "sequence": 9,
        "w": -0.06984032363979935,
        "y": 6.534,
        "x": 13.7316,
        "z": -0.9975581833626989
    },
    "ending": {
        "sequence": 10,
        "w": -0.06984032363979935,
        "y": 6.534,
        "x": 13.7316,
        "z": -0.9975581833626989
    }
}