{
    "initial": {
        "sequence": 1,
        "covariance": [
            0.25,
            0.0,
            0.0,
            0.0,
            0.0,
            0.0,
            0.0,
            0.25,
            0.0,
            0.0,
            0.0,
            0.0,
            0.0,
            0.0,
            0.0,
            0.0,
            0.0,
            0.0,
            0.0,
            0.0,
            0.0,
            0.0,
            0.0,
            0.0,
            0.0,
            0.0,
            0.0,
            0.0,
            0.0,
            0.0,
            0.0,
            0.0,
            0.0,
            0.0,
            0.0,
            0.06853891945200942
        ],
        "w": -0.06984032363979935,
        "y": 6.534,
        "x": 13.7316,
        "z": -0.9975581833626989
    },
    "step0": {
        "sequence": 2,
        "w": -0.06984032363979935,
        "y": 4.83549,
        "x": 13.4351,
        "z": -0.9975581833626989
    },
    "step1": {
        "sequence": 3,
        "w": -0.08322692935237277,
        "y": 2.42332,
        "x": 12.7748,
        "z": -0.996530620819338
    },
    "step2": {
        "sequence": 4,
        "w": -0.06984032363979935,
        "y": 0.276602,
        "x": 12.1081,
        "z": -0.9975581833626989
    },
    "step3": {
        "sequence": 5,
        "w": -0.06984032363979935,
        "y": 0.798879,
        "x": 9.83367,
        "z": -0.9975581833626989
    },
    "step4": {
        "sequence": 6,
        "w": -0.06984032363979935,
        "y": 2.03419,
        "x": 5.74841,
        "z": -0.9975581833626989
    },
    "step5": {
        "sequence": 7,
        "w": -0.06984032363979935,
        "y": 3.26595,
        "x": 0.711645,
        "z": -0.9975581833626989
    },
    "ending": {
        "sequence": 8,
        "w": -0.06984032363979935,
        "y": 3.26595,
        "x": 0.711645,
        "z": -0.9975581833626989
    }
}