{
    "initial": {
        "sequence": 1,
        "covariance": [
            0.25,
            0.0,
            0.0,
            0.0,
            0.0,
            0.0,
            0.0,
            0.25,
            0.0,
            0.0,
            0.0,
            0.0,
            0.0,
            0.0,
            0.0,
            0.0,
            0.0,
            0.0,
            0.0,
            0.0,
            0.0,
            0.0,
            0.0,
            0.0,
            0.0,
            0.0,
            0.0,
            0.0,
            0.0,
            0.0,
            0.0,
            0.0,
            0.0,
            0.0,
            0.0,
            0.06853891945200942
        ],
        "w": 0.8251225832109209,
        "y": -5.3686004806834875,
        "x": -7.119799733908151,
        "z": 0.5649537349866243
    },
    "step0": {
        "sequence": 2,
        "w": 0.8251225832109209,
        "y": -5.3686004806834875,
        "x": -7.119799733908151,
        "z": 0.5649537349866243
    },
    "step1": {
        "sequence": 3,
        "w": -0.08322692935237277,
        "y": -4.70868,
        "x": -6.57185,
        "z": -0.996530620819338
    },
    "step2": {
        "sequence": 4,
        "w": -0.06984032363979935,
        "y": -3.90308,
        "x": -6.26071,
        "z": -0.9975581833626989
    },
    "ending": {
        "sequence": 5,
        "w": -0.06984032363979935,
        "y": -3.90308,
        "x": -6.26071,
        "z": -0.9975581833626989
    }
}