{
    "initial": {
        "sequence": 1,
        "covariance": [
            0.25,
            0.0,
            0.0,
            0.0,
            0.0,
            0.0,
            0.0,
            0.25,
            0.0,
            0.0,
            0.0,
            0.0,
            0.0,
            0.0,
            0.0,
            0.0,
            0.0,
            0.0,
            0.0,
            0.0,
            0.0,
            0.0,
            0.0,
            0.0,
            0.0,
            0.0,
            0.0,
            0.0,
            0.0,
            0.0,
            0.0,
            0.0,
            0.0,
            0.0,
            0.0,
            0.06853891945200942
        ],
        "w": -0.06984032363979935,
        "y": -3.90308,
        "x": -6.26071,
        "z": -0.9975581833626989
    },
    "step0": {
        "sequence": 2,
        "w": -0.06984032363979935,
        "y": -3.90308,
        "x": -6.26071,
        "z": -0.9975581833626989
    },
    "step1": {
        "sequence": 3,
        "w": -0.08812455229539708,
        "y": -4.23695,
        "x": -6.92454,
        "z": -0.9961094635042556
    },
    "step2": {
        "sequence": 4,
        "w": -0.06984032363979935,
        "y": -4.87177,
        "x": -7.10648,
        "z": -0.9975581833626989
    },
    "ending": {
        "sequence": 5,
        "w": -0.06984032363979935,
        "y": -4.87177,
        "x": -7.10648,
        "z": -0.9975581833626989
    }
}