{
    "initial": {
        "sequence": 1,
        "covariance": [
            0.25,
            0.0,
            0.0,
            0.0,
            0.0,
            0.0,
            0.0,
            0.25,
            0.0,
            0.0,
            0.0,
            0.0,
            0.0,
            0.0,
            0.0,
            0.0,
            0.0,
            0.0,
            0.0,
            0.0,
            0.0,
            0.0,
            0.0,
            0.0,
            0.0,
            0.0,
            0.0,
            0.0,
            0.0,
            0.0,
            0.0,
            0.0,
            0.0,
            0.0,
            0.0,
            0.06853891945200942
        ],
        "w": 0.31157309089849317,
        "y": 1.1366808166951794,
        "x": 2.382746437170221,
        "z": 0.950222189294672
    },
    "step1": {
        "sequence": 2,
        "w": -0.06984032363979935,
        "y": 1.0407241640649099,
        "x": 0.36692909578821137,
        "z": -0.9975581833626989
    },
    "step2": {
        "sequence": 3,
        "w": -0.06984032363979935,
        "y": 0.09806802898811617,
        "x": -0.940808716693637,
        "z": -0.9975581833626989
    },
    "step3": {
        "sequence": 4,
        "w": -0.06984032363979935,
        "y": 2.393439147791823,
        "x": -3.967202164061071,
        "z": -0.9975581833626989
    },
    "step4": {
        "sequence": 5,
        "w": -0.06984032363979935,
        "y": 2.1333525547382997,
        "x": -5.574509340286119,
        "z": -0.9975581833626989
    },
    "step6": {
        "sequence": 6,
        "w": -0.06984032363979935,
        "y": -18.44589320512066,
        "x": -21.915756621128587,
        "z": -0.9975581833626989
    },
    "step8": {
        "sequence": 7,
        "w": -0.06984032363979935,
        "y": -6.224583833816086,
        "x": -37.10622367013429,
        "z": -0.9975581833626989
    },
    "step9": {
        "sequence": 8,
        "w": -0.06984032363979935,
        "y": -6.02705458171673,
        "x": -40.50102806315978,
        "z": -0.9975581833626989
    },
    "ending": {
        "sequence": 9,
        "w": -0.06984032363979935,
        "y": -5.871986925735029,
        "x": -40.37594994207587,
        "z": -0.9975581833626989
    }
}