{
    "initial": {
        "sequence": 1,
        "covariance": [
            0.25,
            0.0,
            0.0,
            0.0,
            0.0,
            0.0,
            0.0,
            0.25,
            0.0,
            0.0,
            0.0,
            0.0,
            0.0,
            0.0,
            0.0,
            0.0,
            0.0,
            0.0,
            0.0,
            0.0,
            0.0,
            0.0,
            0.0,
            0.0,
            0.0,
            0.0,
            0.0,
            0.0,
            0.0,
            0.0,
            0.0,
            0.0,
            0.0,
            0.0,
            0.0,
            0.06853891945200942
        ],
        "w": -0.06984032363979935,
        "y": -5.871986925735029,
        "x": -40.37594994207587,
        "z": -0.9975581833626989
    },
    "step0": {
        "sequence": 2,
        "w": 0.31157309089849317,
        "y": -5.334290175137131,
        "x": -39.95358458876077,
        "z": 0.950222189294672
    },
    "step1": {
        "sequence": 3,
        "w": -0.06984032363979935,
        "y": -3.925846252408009,
        "x": -39.98067435607289,
        "z": -0.9975581833626989
    },
    "step2": {
        "sequence": 4,
        "w": -0.06984032363979935,
        "y": 1.1225390825558497,
        "x": -40.71644314728678,
        "z": -0.9975581833626989
    },
    "step3": {
        "sequence": 5,
        "w": -0.06984032363979935,
        "y": 9.99930273401488,
        "x": -33.51039414496606,
        "z": -0.9975581833626989
    },
    "step4": {
        "sequence": 6,
        "w": -0.06984032363979935,
        "y": 23.21513639552972,
        "x": -22.66158647317393,
        "z": -0.9975581833626989
    },
    "step5": {
        "sequence": 7,
        "w": -0.06984032363979935,
        "y": 42.312922903503086,
        "x": -6.736289382180159,
        "z": -0.9975581833626989
    },
    "step6": {
        "sequence": 8,
        "w": -0.06984032363979935,
        "y": 57.41325288789989,
        "x": 5.846255969409784,
        "z": -0.9975581833626989
    },
    "step7": {
        "sequence": 9,
        "w": -0.06984032363979935,
        "y": 61.26168439292172,
        "x": 6.291521378964866,
        "z": -0.9975581833626989
    },
    "ending": {
        "sequence": 10,
        "w": -0.06984032363979935,
        "y": 61.21309209996054,
        "x": 6.3462862580062955,
        "z": -0.9975581833626989
    }
}