{
    "initial": {
        "sequence": 1,
        "covariance": [
            0.25,
            0.0,
            0.0,
            0.0,
            0.0,
            0.0,
            0.0,
            0.25,
            0.0,
            0.0,
            0.0,
            0.0,
            0.0,
            0.0,
            0.0,
            0.0,
            0.0,
            0.0,
            0.0,
            0.0,
            0.0,
            0.0,
            0.0,
            0.0,
            0.0,
            0.0,
            0.0,
            0.0,
            0.0,
            0.0,
            0.0,
            0.0,
            0.0,
            0.0,
            0.0,
            0.06853891945200942
        ],
        "w": -0.06984032363979935,
        "y": 61.21309209996054,
        "x": 6.3462862580062955,
        "z": -0.9975581833626989
    },
    "step0": {
        "sequence": 2,
        "w": 0.31157309089849317,
        "y": 61.010499961407476,
        "x": 6.604952121605187,
        "z": 0.950222189294672
    },
    "step1": {
        "sequence": 3,
        "w": -0.06984032363979935,
        "y": 61.13094621547983,
        "x": 8.83263927152827,
        "z": -0.9975581833626989
    },
    "step2": {
        "sequence": 4,
        "w": -0.06984032363979935,
        "y": 70.89379939030381,
        "x": 17.082015539105445,
        "z": -0.9975581833626989
    },
    "step3": {
        "sequence": 5,
        "w": -0.06984032363979935,
        "y": 80.11054788485542,
        "x": 24.911565161082372,
        "z": -0.9975581833626989
    },
    "step4": {
        "sequence": 6,
        "w": -0.06984032363979935,
        "y": 89.71989514005213,
        "x": 33.20784561473697,
        "z": -0.9975581833626989
    },
    "step5": {
        "sequence": 7,
        "w": -0.06984032363979935,
        "y": 93.40687274826989,
        "x": 36.32465116340549,
        "z": -0.9975581833626989
    },
    "step6": {
        "sequence": 8,
        "w": -0.06984032363979935,
        "y": 102.10140252966607,
        "x": 43.84277219328838,
        "z": -0.9975581833626989
    },
    "step7": {
        "sequence": 9,
        "w": -0.06984032363979935,
        "y": 104.85975616796303,
        "x": 43.29770231467617,
        "z": -0.9975581833626989
    },
    "step8": {
        "sequence": 10,
        "w": -0.06984032363979935,
        "y": 108.68486740494073,
        "x": 38.92465511902446,
        "z": -0.9975581833626989
    },
    "step9": {
        "sequence": 11,
        "w": -0.06984032363979935,
        "y": 109.15507520788603,
        "x": 37.42781422872017,
        "z": -0.9975581833626989
    },
    "ending": {
        "sequence": 12,
        "w": -0.06984032363979935,
        "y": 109.03404075514325,
        "x": 37.565566655586956,
        "z": -0.9975581833626989
    }
}