{
    "initial": {
        "sequence": 1,
        "covariance": [
            0.25,
            0.0,
            0.0,
            0.0,
            0.0,
            0.0,
            0.0,
            0.25,
            0.0,
            0.0,
            0.0,
            0.0,
            0.0,
            0.0,
            0.0,
            0.0,
            0.0,
            0.0,
            0.0,
            0.0,
            0.0,
            0.0,
            0.0,
            0.0,
            0.0,
            0.0,
            0.0,
            0.0,
            0.0,
            0.0,
            0.0,
            0.0,
            0.0,
            0.0,
            0.0,
            0.06853891945200942
        ],
        "w": -0.06984032363979935,
        "y": 109.03404075514325,
        "x": 37.565566655586956,
        "z": -0.9975581833626989
    },
    "step0": {
        "sequence": 2,
        "w": -0.06984032363979935,
        "y": 108.68486740494073,
        "x": 38.92465511902446,
        "z": -0.9975581833626989
    },
    "step1": {
        "sequence": 3,
        "w": -0.06984032363979935,
        "y": 104.85975616796303,
        "x": 43.29770231467617,
        "z": -0.9975581833626989
    },
    "step2": {
        "sequence": 4,
        "w": -0.06984032363979935,
        "y": 102.10140252966607,
        "x": 43.84277219328838,
        "z": -0.9975581833626989
    },
    "step3": {
        "sequence": 5,
        "w": -0.06984032363979935,
        "y": 93.40687274826989,
        "x": 36.32465116340549,
        "z": -0.9975581833626989
    },
    "step5": {
        "sequence": 6,
        "w": -0.06984032363979935,
        "y": 89.81383018963976,
        "x": 35.43199583655512,
        "z": -0.9975581833626989
    },
    "ending": {
        "sequence": 7,
        "w": -0.06984032363979935,
        "y": 89.87800904785871,
        "x": 35.48275560472964,
        "z": -0.9975581833626989
    }
}