{
    "1": {
        "sequence": 1,
        "x": -3.988080091198409,
        "y": -3.248405117013216,
        "z": 0.4774502921719207,
        "w": -0.8786587611268367,
        "name": "POI_1"
    },
    "2": {
        "sequence": 2,
        "x": -5.203320026397705,
        "y": -5.361043930053711,
        "z": 0.4967182628897839,
        "w": -0.8679118430530578,
        "name": "POI_2"
    },
    "3": {
        "sequence": 3,
        "x": -7.766124725341797,
        "y": -9.334689140319824,
        "z": 0.4675391567609179,
        "w": -0.8839723620652908,
        "name": "POI_3"
    },
    "4": {
        "sequence": 4,
        "x":  -10.551719665527344,
        "y": -13.947813034057617,
        "z": 0.4751307808028834,
        "w": -0.8799151897391262,
        "name": "POI_4"
    },
    "5": {
        "sequence": 5,
        "x": -10.551719463229482,
        "y": -13.947813063093342,
        "z": 0.49742161417926867,
        "w": -0.8675089266095715,
        "name": "POI_5"
    },
    "6": {
        "sequence": 6,
        "x": -13.124240149881592,
        "y": -18.233854721995364,
        "z": 0.4926707475941856,
        "w": -0.8702157976415884,
        "name": "POI_6"
    },
    "7": {
        "sequence": 7,
        "x": -10.551090253087551,
        "y": -13.946747249852352,
        "z": 0.4941644717690672,
        "w": -0.869368434463317,
        "name": "POI_7"
    },
    "8": {
        "sequence": 8,
        "x": -13.910795529072125,
        "y": -24.101877937948828,
        "z": 0.9608422788815761,
        "w": -0.27709585906985246,
        "name": "POI_8"
    },
    "9": {
        "sequence": 9,
        "x": -9.67745636528588,
        "y": -26.719809309605793,
        "z": 0.9610351100164752,
        "w": -0.27642633252933996,
        "name": "POI_9"
    },
    "10": {
        "sequence": 10,
        "x": -1.820949890808,
        "y": -37.686072488,
        "z": 0.48350027791336236,
        "w": -0.8753442073023054,
        "name": "POI_10"
    },
    "11": {
        "sequence": 11,
        "x": -4.0329218092,
        "y": -41.15749449,
        "z": 0.48524483326120726,
        "w": -0.8743783230348882,
        "name": "POI_11"
    },
    "12": {
        "sequence": 12,
        "x": -4.2162101203,
        "y": -43.4728611744,
        "z": 0.8833366377553195,
        "w": 0.4687391432333421,
        "name": "POI_12"
    },
    "13": {
        "sequence": 13,
        "x": -3.07349794021,
        "y": -41.6912294462,
        "z": 0.8747734829180874,
        "w": 0.48453209757802274,
        "name": "POI_13"
    },
    "14": {
        "sequence": 14,
        "x": -0.8933069156,
        "y": -38.32560221445,
        "z": 0.8735630550205944,
        "w": 0.48671099114678495,
        "name": "POI_14"
    },
    "15": {
        "sequence": 15,
        "x": 1.965070994321,
        "y": -33.81694235883,
        "z": 0.8715226611099673,
        "w": 0.490355229575255,
        "name": "POI_15"
    },
    "16": {
        "sequence": 16,
        "x": 4.317062001737735,
        "y": -29.46271176413319,
        "z": 0.8800816617734442,
        "w": 0.4748223547918663,
        "name": "POI_16"
    },
    "17": {
        "sequence": 17,
        "x": 6.971097516747211,
        "y": -25.346171099793683,
        "z": 0.8697048226844509,
        "w": 0.4935722048489031,
        "name": "POI_17"
    },
    "18": {
        "sequence": 18,
        "x": 9.397803525646754,
        "y": -21.045469766824347,
        "z": 0.8775804186728619,
        "w": 0.4794294617166999,
        "name": "POI_18"
    },
    "19": {
        "sequence": 19,
        "x": 12.272907951818922,
        "y": -16.608120827882974,
        "z": 0.8777840885895749,
        "w": 0.4790564620365425,
        "name": "POI_19"
    },
    "20": {
        "sequence": 20,
        "x": 12.272234452987878,
        "y": -16.609159222120223,
        "z": 0.8795746445781728,
        "w": 0.47576091118878283,
        "name": "POI_20"
    },
    "21": {
        "sequence": 21,
        "x": 13.572071698147074,
        "y": -14.370160162897077,
        "z": 0.876791097866725,
        "w": 0.48087147004336084,
        "name": "POI_21"
    },
    "22": {
        "sequence": 22,
        "x": 11.107663291842009,
        "y": -9.427904416023274,
        "z": 0.2963348176508793,
        "w": 0.9550841197757506,
        "name": "POI_22"
    },
    "23": {
        "sequence": 23,
        "x": -2.3068530559539795,
        "y": -0.9788810014724731,
        "z": 0.0,
        "w": 0.88544514106064,
        "name": "POI_23"
    }
}