{
    "initial": {
        "name": "Frente da Sala", 
        "sequence": 1, 
        "covariance": [
            0.25, 
            0.0, 
            0.0, 
            0.0, 
            0.0, 
            0.0, 
            0.0, 
            0.25, 
            0.0, 
            0.0, 
            0.0, 
            0.0, 
            0.0, 
            0.0, 
            0.0, 
            0.0, 
            0.0, 
            0.0, 
            0.0, 
            0.0, 
            0.0, 
            0.0, 
            0.0, 
            0.0, 
            0.0, 
            0.0, 
            0.0, 
            0.0, 
            0.0, 
            0.0, 
            0.0, 
            0.0, 
            0.0, 
            0.0, 
            0.0, 
            0.06853891945200942
        ], 
        "action": "button", 
        "w": 0.7966271487170697,   
        "y": 2.5489657360292597, 
        "x": 0.43275726219885513, 
        "z": 0.6044709967623854
    }, 
    "step0": {
        "name": "Entrada corredor", 
        "sequence": 2,  
        "action": "button", 
        "w": 0.14156545765197717, 
        "y": 8.689182030920225,  
        "x": -15.809731020505609, 
        "z": 0.9899288970425029
    },
    "step1": {
        "name": "Fim corredor vazio", 
        "sequence": 3, 
        "action": "button", 
        "w": 0.6081259193722831, 
        "y": 28.749950999487652, 
        "x": 20.978094958651695, 
        "z": -0.7938405798317539
    }, 
    "prohibition_areas": [
        []
    ], 
    "config": {
        "route_id": 20
    }
}
