{
    "initial": {
        "name": "Frente da Sala", 
        "sequence": 1, 
        "covariance": [
            0.25, 
            0.0, 
            0.0, 
            0.0, 
            0.0, 
            0.0, 
            0.0, 
            0.25, 
            0.0, 
            0.0, 
            0.0, 
            0.0, 
            0.0, 
            0.0, 
            0.0, 
            0.0, 
            0.0, 
            0.0, 
            0.0, 
            0.0, 
            0.0, 
            0.0, 
            0.0, 
            0.0, 
            0.0, 
            0.0, 
            0.0, 
            0.0, 
            0.0, 
            0.0, 
            0.0, 
            0.0, 
            0.0, 
            0.0, 
            0.0, 
            0.06853891945200942
        ], 
        "action": "button", 
        "w": 0.8232106736507404,   
        "y": -4.694383522235897, 
        "x": -6.637373054642086, 
        "z": 0.5677360185750894
    }, 
    "step0": {
        "name": "Começo Corredor Vazio", 
        "sequence": 2,  
        "action": "button", 
        "w": 0.0194543378783, 
        "y": -5.17048,  
        "x": -7.55321, 
        "z": -1.0
    },
    "step1": {
        "name": "Frente da Sala", 
        "sequence": 3, 
        "action": "button", 
        "w": 0.0194543378783, 
        "y": -3.99064, 
        "x": -6.14134, 
        "z": -1.0
    }, 
    "prohibition_areas": [
        []
    ], 
    "config": {
        "route_id": 20
    }
}
